<?xml version="1.0" encoding="UTF-8" ?>
<extension type="package" version="1.7">
<name>Swedish Language Pack</name>
<packagename>sv-SE</packagename>
<version>2.5.4</version>
<url></url>
<packager></packager>
<packagerurl></packagerurl>
<description>Svensk översättning för Joomla! 2.5.4&lt;br /&gt;Översatt av SvenskJoomla.</description>
<files>
        <file type="language" client="site" id="sv-SE">site_sv-SE.zip</file>
        <file type="language" client="administrator" id="sv-SE">admin_sv-SE.zip</file>
</files>
</extension>
